{"cameraMode":{"drawMode":0,"name":"Shaded","section":"Shading Mode"},"sceneLighting":true,"audioPlay":false,"sceneViewState":{"m_AlwaysRefresh":false,"showFog":true,"showSkybox":true,"showFlares":true,"showImageEffects":true,"showParticleSystems":true,"showVisualEffectGraphs":true,"m_FxEnabled":true},"in2DMode":false,"pivot":{"x":177.35064697265626,"y":119.15166473388672,"z":7.436141014099121},"rotation":{"x":-0.3296196758747101,"y":-0.020389029756188394,"z":0.007103403564542532,"w":-0.943818986415863},"size":797.4325561523438,"orthographic":true}