{"cameraMode":{"drawMode":0,"name":"Shaded","section":"Shading Mode"},"sceneLighting":true,"audioPlay":false,"sceneViewState":{"m_AlwaysRefresh":false,"showFog":true,"showSkybox":true,"showFlares":true,"showImageEffects":true,"showParticleSystems":true,"showVisualEffectGraphs":true,"m_FxEnabled":true},"in2DMode":false,"pivot":{"x":55.570838928222659,"y":-70.53028106689453,"z":113.58818054199219},"rotation":{"x":0.25135499238967898,"y":0.08118797093629837,"z":-0.021163497120141984,"w":0.964247465133667},"size":212.24839782714845,"orthographic":true}