{"cameraMode":{"drawMode":0,"name":"Shaded","section":"Shading Mode"},"sceneLighting":true,"audioPlay":false,"sceneViewState":{"m_AlwaysRefresh":false,"showFog":true,"showSkybox":true,"showFlares":true,"showImageEffects":true,"showParticleSystems":true,"showVisualEffectGraphs":true,"m_FxEnabled":true},"in2DMode":false,"pivot":{"x":55.570838928222659,"y":-70.53028106689453,"z":113.58818054199219},"rotation":{"x":0.3533090353012085,"y":-0.12435845285654068,"z":0.04744933173060417,"w":0.9259863495826721},"size":86.38286590576172,"orthographic":true}