{"cameraMode":{"drawMode":0,"name":"Shaded","section":"Shading Mode"},"sceneLighting":true,"audioPlay":false,"sceneViewState":{"m_AlwaysRefresh":false,"showFog":true,"showSkybox":true,"showFlares":true,"showImageEffects":true,"showParticleSystems":true,"showVisualEffectGraphs":true,"m_FxEnabled":true},"in2DMode":false,"pivot":{"x":-26.399593353271486,"y":146.24822998046876,"z":-181.25250244140626},"rotation":{"x":0.32245463132858279,"y":-0.09350448101758957,"z":0.03202760964632034,"w":0.9414061903953552},"size":21.097131729125978,"orthographic":true}